{
    "spider": "./jar/fm.nogo.jar;md5;41a6a171c85893ffdcc006b2dd8c2f2e",
    "wallpaper": "http://xhww.fun:63/img.php",
    "sites": [
        {
            "key": "push_agent",
            "name": "pg推送",
            "type": 3,
            "api": "csp_Push",
            "searchable": 0,
            "quickSearch": 0,
            "filterable": 0,
            "changeable": 0,
            "ext": "./pg推送.json"
        },
        {
            "key": "csp_JavDb",
            "name": "🧲JavDb",
            "type": 3,
            "api": "csp_JavDb",
            "searchable": 1,
            "quickSearch": 1,
            "filterable": 1,
            "changeable": 0,
            "timeout": 60,
            "style": {
                "type": "rect",
                "ratio": 1.33
            }
        },
        {
            "key": "csp_JavBus",
            "name": "🧲JavBus",
            "type": 3,
            "api": "csp_JavBus",
            "searchable": 1,
            "quickSearch": 1,
            "filterable": 1,
            "changeable": 0,
            "timeout": 60,
            "style": {
                "type": "rect",
                "ratio": 1.33
            },
            "ext": "$$$socks5://192.168.101.1:1080"
        },
        {
            "key": "aipanso.js",
            "name": "pg| 爱盘搜| 夸",
            "type": 3,
            "api": "./lib/drpy2.min.js",
            "ext": "./(PG)js/aipanso.js",
            "quickSearch": 1,
            "changeable": 1
        },
        {
            "key": "funletu.js",
            "name": "pg| 趣盘搜| 夸",
            "type": 3,
            "api": "./lib/drpy2.min.js",
            "ext": "./(PG)js/funletu.js",
            "quickSearch": 1,
            "changeable": 1
        },
        {
            "key": "yyets.js",
            "name": "pg| 人人影视| [搜] ",
            "type": 3,
            "api": "./lib/drpy2.min.js",
            "ext": "./(PG)js/yyets.js",
            "quickSearch": 1,
            "changeable": 1
        },
        {
            "key": "qimiao.js",
            "name": "pg| 奇妙搜|[夸] ",
            "type": 3,
            "api": "./lib/drpy2.min.js",
            "ext": "./(PG)js/qimiao.js",
            "quickSearch": 1,
            "changeable": 1
        },
        {
            "key": "meow.js",
            "name": "pg| meow|[搜] ",
            "type": 3,
            "api": "./lib/drpy2.min.js",
            "ext": "./(PG)js/meow.js",
            "quickSearch": 1,
            "changeable": 1
        },
        {
            "key": "kkpans.js",
            "name": "pg| kk网盘| 磁",
            "type": 3,
            "api": "./lib/drpy2.min.js",
            "ext": "./(PG)js/kkpans.js",
            "quickSearch": 1,
            "changeable": 1
        },
        {
            "key": "4khdr.js",
            "name": "pg| 4khdr| 夸",
            "type": 3,
            "api": "./lib/drpy2.min.js",
            "ext": "./(PG)js/4khdr.js",
            "quickSearch": 1,
            "changeable": 1
        },
        {
            "key": "mp4us.js",
            "name": "pg| mp4电影| 磁",
            "type": 3,
            "api": "./lib/drpy2.min.js",
            "ext": "./(PG)js/mp4us.js",
            "quickSearch": 1,
            "changeable": 1
        },
        {
            "key": "jiyingw.js",
            "name": "pg| 极影网| 磁",
            "type": 3,
            "api": "./lib/drpy2.min.js",
            "ext": "./(PG)js/jiyingw.js",
            "quickSearch": 1,
            "changeable": 1
        },
        {
            "key": "dygang.js",
            "name": "pg| 电影港| 磁",
            "type": 3,
            "api": "./lib/drpy2.min.js",
            "ext": "./(PG)js/dygang.js",
            "quickSearch": 1,
            "changeable": 1
        },
        {
            "key": "xb6v.js",
            "name": "pg| 新版6V| 磁",
            "type": 3,
            "api": "./lib/drpy2.min.js",
            "ext": "./(PG)js/xb6v.js",
            "quickSearch": 1,
            "changeable": 1
        },
        {
            "key": "cilixiong.js",
            "name": "pg| 磁力熊| 磁",
            "type": 3,
            "api": "./lib/drpy2.min.js",
            "ext": "./(PG)js/cilixiong.js",
            "quickSearch": 1,
            "changeable": 1
        },
        {
            "key": "meijumi.js",
            "name": "pg| 美剧迷| 磁",
            "type": 3,
            "api": "./lib/drpy2.min.js",
            "ext": "./(PG)js/meijumi.js",
            "quickSearch": 1,
            "changeable": 1
        },
        {
            "key": "kuba.js",
            "name": "pg| 酷吧| 磁",
            "type": 3,
            "api": "./lib/drpy2.min.js",
            "ext": "./(PG)js/kuba.js",
            "quickSearch": 1,
            "changeable": 1
        },
        {
            "key": "xzys.js",
            "name": "pg| 校长影视| 云盘",
            "type": 3,
            "api": "./lib/drpy2.min.js",
            "ext": "./(PG)js/xzys.js",
            "quickSearch": 1,
            "changeable": 1
        },
        {
            "key": "dydhhy.js",
            "name": "pg| dydhhy| ",
            "type": 3,
            "api": "./lib/drpy2.min.js",
            "ext": "./(PG)js/dydhhy.js",
            "quickSearch": 1,
            "changeable": 1
        },
        {
            "key": "libvio.js",
            "name": "pg| 利播| ",
            "type": 3,
            "api": "./lib/drpy2.min.js",
            "ext": "./(PG)js/libvio.js",
            "quickSearch": 1,
            "changeable": 1
        },
        {
            "key": "ddys.js",
            "name": "pg| ddys| ",
            "type": 3,
            "api": "./lib/drpy2.min.js",
            "ext": "./(PG)js/ddys.js",
            "quickSearch": 1,
            "changeable": 1
        },
        {
            "key": "tzfile.js",
            "name": "pg| 团长资源| ",
            "type": 3,
            "api": "./lib/drpy2.min.js",
            "ext": "./(PG)js/tzfile.js",
            "quickSearch": 1,
            "changeable": 1
        },
        {
            "key": "97tvs.js",
            "name": "pg| 高清mp4吧| ",
            "type": 3,
            "api": "./lib/drpy2.min.js",
            "ext": "./(PG)js/97tvs.js",
            "quickSearch": 1,
            "changeable": 1
        },
        {
            "key": "rrdyw.js",
            "name": "pg| rrdy网| ",
            "type": 3,
            "api": "./lib/drpy2.min.js",
            "ext": "./(PG)js/rrdyw.js",
            "quickSearch": 1,
            "changeable": 1
        },
        {
            "key": "Mayiys",
            "name": "蚂蚁影视",
            "type": 3,
            "api": "csp_Mayiys",
            "searchable": 1,
            "quickSearch": 1,
            "filterable": 1,
            "changeable": 1
        },
        {
            "key": "DDMJ",
            "name": "米酷视频",
            "type": 3,
            "api": "csp_DDMJ",
            "searchable": 1,
            "quickSearch": 1,
            "filterable": 1,
            "changeable": 1,
            "ext": "http://103.222.188.33:6688"
        },
        {
            "key": "Maolv",
            "name": "毛驴",
            "type": 3,
            "api": "csp_Maolv",
            "searchable": 1,
            "quickSearch": 1,
            "filterable": 1,
            "changeable": 1
        },
        {
            "key": "Hdhive",
            "name": "影巢",
            "type": 3,
            "api": "csp_Hdhive",
            "searchable": 1,
            "quickSearch": 1,
            "filterable": 1,
            "changeable": 1
        }
    ]
}