{
  "class": [
      {
      "type_name": "楚剧",
      "type_id": "楚剧"
    },
    {
      "type_name": "帕梅拉",
      "type_id": "帕梅拉"
    },
    {
      "type_name": "太極拳",
      "type_id": "太極拳"
    },
    {
      "type_name": "廣場舞",
      "type_id": "廣場舞"
    },
    {
      "type_name": "健身",
      "type_id": "健身"
    },
    {
      "type_name": "舞蹈",
      "type_id": "舞蹈"
    },
    {
      "type_name": "電影",
      "type_id": "電影"
    },
    {
      "type_name": "電視劇",
      "type_id": "電視劇"
    },
    {
      "type_name": "演唱會",
      "type_id": "演唱會"
    },
    {
      "type_name": "動物世界",
      "type_id": "動物世界"
    }
  ],
  "filters": {
    "帕梅拉": [
      {
        "key": "order",
        "name": "排序",
        "value": [
          {
            "n": "綜合排序",
            "v": "totalrank"
          },
          {
            "n": "最多點擊",
            "v": "click"
          },
          {
            "n": "最新發布",
            "v": "pubdate"
          },
          {
            "n": "最多彈幕",
            "v": "dm"
          },
          {
            "n": "最多收藏",
            "v": "stow"
          }
        ]
      },
      {
        "key": "duration",
        "name": "時長",
        "value": [
          {
            "n": "全部",
            "v": "0"
          },
          {
            "n": "60分鐘以上",
            "v": "4"
          },
          {
            "n": "30~60分鐘",
            "v": "3"
          },
          {
            "n": "10~30分鐘",
            "v": "2"
          },
          {
            "n": "10分鐘以下",
            "v": "1"
          }
        ]
      },
      {
        "key": "tid",
        "name": "分類",
        "value": [
          {
            "n": "全部",
            "v": ""
          },
          {
            "n": "合集",
            "v": "合集"
          },
          {
            "n": "Pamela Reif",
            "v": "Pamela Reif"
          }
        ]
      }
    ],
    "太極拳": [
      {
        "key": "order",
        "name": "排序",
        "value": [
          {
            "n": "綜合排序",
            "v": "totalrank"
          },
          {
            "n": "最多點擊",
            "v": "click"
          },
          {
            "n": "最新發布",
            "v": "pubdate"
          },
          {
            "n": "最多彈幕",
            "v": "dm"
          },
          {
            "n": "最多收藏",
            "v": "stow"
          }
        ]
      },
      {
        "key": "duration",
        "name": "時長",
        "value": [
          {
            "n": "全部",
            "v": "0"
          },
          {
            "n": "60分鐘以上",
            "v": "4"
          },
          {
            "n": "30~60分鐘",
            "v": "3"
          },
          {
            "n": "10~30分鐘",
            "v": "2"
          },
          {
            "n": "10分鐘以下",
            "v": "1"
          }
        ]
      },
      {
        "key": "tid",
        "name": "分類",
        "value": [
          {
            "n": "全部",
            "v": ""
          },
          {
            "n": "合集",
            "v": "合集"
          },
          {
            "n": "五連鞭",
            "v": "五連鞭"
          }
        ]
      }
    ]
  }
}