{
"author":"",
"ua": "Mozilla/5.0 (Macintosh; Intel Mac OS X 10_12_6) AppleWebKit/537.36 (KHTML, like Gecko) Chrome/73.0.3683.75 Safari/537.36",
"homeUrl": "https://m.youlai.cn/jijiu",
"cateManual": {"急救指南": "2"},
"homeVodNode": "//div[contains(@class,'jj-title-li')]/dl",
"homeVodName": "//ul[contains(@class,'list-flex-br')]/li/a/div/text()",
"homeVodId": "//ul[contains(@class,'list-flex-br')]/li/a/@href",
"homeVodIdR": "",
"homeVodImg": "@null",
"homeVodImgR": "",
"homeVodMark": "//h5/text()",
"dtUrl":"https://m.youlai.cn{vid}",
"dtNode": "//body",
"dtName": "//h2/text()",
"dtNameR": "",
"dtImg": "@null",
"dtImgR": "",
"dtCate": "",
"dtCateR": "",
"dtYear": "",
"dtYearR": "",
"dtArea": "",
"dtAreaR": "",
"dtMark": "",
"dtMarkR": "",
"dtDirector": "",
"dtDirectorR": "",
"dtActor": "",
"dtActorR": "",
"dtDesc": "",
"dtFromNode": "//body",
"dtFromName":  "'在线播放'",
"dtFromNameR": "",
"dtUrlNode": "//div[contains(@class,'video-box video-play')]/video",
"dtUrlSubNode": "/source",
"dtUrlId": "/@src",
"dtUrlIdR": "",
"dtUrlName": "'播放'",
"dtUrlNameR": "",
"playUrl":"{playUrl}",
"searchUrl":"https://m.youlai.cn/cse/search?q={wd}",
"scVodNode":"//div[contains(@class,'search-video-list')]/div/a",
"scVodName":"//h5/text()",
"scVodId":"/@href",
"scVodIdR": "",
"scVodImg":"/dl/dt/img/@src",
"scVodImgR":"",
"scVodMark":"/dl/dd/p/span/text()"
}