{
    "spider": "./jar/go.jar;md5;bdd6ea018f428c52eea3710108efa5d2",
    "wallpaper": "https://yun.chuqiuyu.tk",
    "sites": [
        {
            "key": "路飞搜索",
            "name": "🚀路飞_搜索",
            "type": 3,
            "api": "https://ghproxy.com/https://raw.githubusercontent.com/lystv/short/main/影视/tvb/ss.js",
            "style": {
                "type": "rect",
                "ratio": 1.597
            }
        },
        {
            "key": "lf_js_p2p",
            "name": "🚀磁力 | lf_p2p",
            "type": 3,
            "searchable": 1,
            "changeable": 1,
            "quickSearch": 1,
            "filterable": 1,
            "api": "./js/lf_p2p2_min.js",
            "ext": "",
            "style": {
                "type": "rect",
                "ratio": 1.597
            }
        },
        {
            "key": "玩偶",
            "name": "玩偶",
            "type": 3,
            "api": "csp_Wogg",
            "searchable": 1,
            "changeable": 0,
            "ext": {
                "token": "./alitoken.txt",
                "filter": "./json/wogg.json"
               // "filter": "https://fongmi.cachefly.net/FongMi/CatVodSpider/main/json/wogg.json"
            }
        },
            {
      "key": "布雷",
      "name": "布雷",
      "type": 3,
      "api": "https://fongmi.cachefly.net/FongMi/CatVodOpen/main/open/bulei_open.js",
      "searchable": 1,
      "changeable": 1
    },
        {
      "key": "廠長",
      "name": "廠長",
      "type": 3,
      "api": "https://fongmi.cachefly.net/FongMi/CatVodOpen/main/open/czzy_open.js",
      "searchable": 1,
      "changeable": 1
    },
    {
      "key": "快看",
      "name": "快看",
      "type": 3,
      "api": "https://fongmi.cachefly.net/FongMi/CatVodOpen/main/open/kkys_open.js",
      "searchable": 1,
      "changeable": 1
    },
                {
      "key": "哔哩",
      "name": "哔哩",
      "type": 3,
      "api": "csp_Bili",
      "searchable": 1,
      "changeable": 0,
      "style": {
        "type": "rect",
        "ratio": 1.433
      },
      "ext": {
      "json": "./json/bili.json",
        // "json": "https://fongmi.cachefly.net/FongMi/CatVodSpider/main/json/bili.json",
        "type": "楚剧#帕梅拉#太极拳#广场舞#演唱会",
        "cookie": ""
      }
    },
    
    {
      "key": "本地",
      "name": "本地",
      "type": 3,
      "api": "csp_Local",
      "searchable": 0,
      "changeable": 0
    },

        {
            "key": "ali_cli",
            "name": "🎞️阿里聚合搜(cli)",
            "type": 4,
            "api": "http://home.jundie.top:9520/spider/csp_Wogg?sort=原画,蓝光,超清,高清",
            "searchable": 1,
            "changeable": 1,
            "playerType": 2,
            "ext": "./alitoken.txt",
            "style": {
                "type": "rect",
                "ratio": 1.597
            }
        },
        {
            "key": "csp_wogg_cli",
            "name": "🎬玩偶(cli)",
            "type": 4,
            "api": "http://home.jundie.top:9520/spider/csp_Wogg?sort=原画,蓝光,超清,高清",
            "searchable": 1,
            "changeable": 1,
            "playerType": 2,
            "ext": "./alitoken.txt",
            "style": {
                "type": "rect",
                "ratio": 1.597
            }
        },
        {
            "key": "csp_Aid",
            "name": "🚑急救指南",
            "type": 3,
            "api": "csp_FirstAid",
            "searchable": 1,
            "quickSearch": 1,
            "changeable": 0,
            "style": {
                "type": "rect",
                "ratio": 2.8
            },
            "jar": "https://jsd.cdn.zzko.cn/gh/Vivo-Max/image@master/jijiu.s03a5zg5xao.jpg;md5;510FA1663F7067BD4D40DE06097202BF"
        },

        {
            "key": "drpy_js_百忙无果",
            "name": "官源 | 🥭",
            "type": 3,
            "playerType": 2,
            "api": "./lib/drpy2.min.js",
            "ext": "./js/百忙无果.js"
        },
        {
            "key": "drpy_js_奇珍异兽",
            "name": "官源 |🥝",
            "type": 3,
            "playerType": 2,
            "api": "./lib/drpy2.min.js",
            "ext": "./js/奇珍异兽.js"
        },
        {
            "key": "drpy_yh",
            "name": "官源 | ⛽",
            "type": 3,
            "playerType": 2,
            "api": "./lib/drpy2.min.js",
            "ext": "./js/优酷.js"
        },
        {
            "key": "drpy_js_菜狗",
            "name": "官源 | 🐕",
            "type": 3,
            "playerType": 2,
            "api": "./lib/drpy2.min.js",
            "ext": "./js/菜狗.js"
        },
        {
            "key": "B站影视",
            "name": "💎B站影视",
            "type": 3,
            "api": "./lib/drpy2.min.js",
            "ext": "./js/4k超前.js",
            "searchable": 1,
            "quickSearch": 1,
            "filterable": 1
        },
        {
            "key": "JianPian",
            "name": "🔨荐片",
            "type": 3,
            "api": "./lib/drpy2.min.js",
            "ext": "./js/荐片.js",
            "playerType": "1"
        },
        {
            "key": "南瓜",
            "name": "🎃南瓜",
            "type": 3,
            "api": "./lib/drpy2.min.js",
            "ext": "./js/南瓜.js",
            "playerType": 1,
            "searchable": 1,
            "quickSearch": 1,
            "filterable": 1
        },
        {
            "key": "csp_Ikanbot",
            "name": "👾Ikanbot",
            "type": 3,
            "api": "./lib/drpy2.min.js",
            "ext": "./js/Ikanbot1.js",
            "searchable": 1,
            "quickSearch": 1,
            "filterable": 1
        },
        {
            "key": "xzys",
            "name": "🎞️校长影视",
            "type": 3,
            "api": "./lib/drpy2.min.js",
            "ext": "./js/xzys.js",
            "playerType": 1,
            "searchable": 1,
            "quickSearch": 1,
            "filterable": 1
        },
        {
            "key": "tzzy",
            "name": "💾团长资源",
            "type": 3,
            "api": "./lib/drpy2.min.js",
            "ext": "./js/tzfile.js",
            "playerType": 1,
            "searchable": 1,
            "quickSearch": 1,
            "filterable": 1
        },
        {
            "key": "libvio",
            "name": "💽立播",
            "type": 3,
            "api": "./lib/drpy2.min.js",
            "ext": "./js/libvio.js",
            "playerType": 1,
            "searchable": 1,
            "quickSearch": 1,
            "filterable": 1
        },
        {
            "key": "HDmp4",
            "name": "🖥️高清MP4吧",
            "type": 3,
            "api": "./lib/drpy2.min.js",
            "ext": "./js/97tvs.js",
            "playerType": 1,
            "searchable": 1,
            "quickSearch": 1,
            "filterable": 1
        },
        {
            "key": "Mp4Mov",
            "name": "🧲Mp4电影",
            "type": 3,
            "api": "./lib/drpy2.min.js",
            "ext": "./js/Mp4us.js",
            "searchable": 1,
            "quickSearch": 1,
            "filterable": 1
        },
        {
            "key": "rrdy",
            "name": "🧲人人电影",
            "type": 3,
            "api": "./lib/drpy2.min.js",
            "ext": "./js/rrdyw.js",
            "playerType": 1,
            "searchable": 1,
            "quickSearch": 1,
            "filterable": 1
        },
        {
            "key": "酷吧",
            "name": "🧲酷吧",
            "type": 3,
            "api": "./lib/drpy2.min.js",
            "ext": "./js/kuba.js",
            "playerType": 1,
            "searchable": 1,
            "quickSearch": 1,
            "filterable": 1
        },
        {
            "key": "MeijuMi",
            "name": "🧲美剧迷",
            "type": 3,
            "api": "./lib/drpy2.min.js",
            "ext": "./js/MeijuMi.js",
            "playerType": 1,
            "searchable": 1,
            "quickSearch": 1,
            "filterable": 1
        },
        {
            "key": "csp_BLSGod",
            "name": "🧲80S影视",
            "type": 3,
            "api": "csp_BLSGod",
            "playerType": 1,
            "searchable": 1,
            "quickSearch": 1,
            "filterable": 1
        },
        {
            "key": "csp_Xunlei8",
            "name": "🧲迅雷吧",
            "type": 3,
            "api": "csp_Xunlei8",
            "playerType": 1,
            "searchable": 1,
            "quickSearch": 1,
            "filterable": 1
        },
        {
            "key": "4KHDR",
            "name": "🧲4KHDR",
            "type": 3,
            "api": "./lib/drpy2.min.js",
            "ext": "./js/4khdr.js"
        },
        {
            "key": "d6V新版",
            "name": "🧲6V新版",
            "type": 3,
            "api": "./lib/drpy2.min.js",
            "ext": "./js/xb6v.js"
        },
        {
            "key": "d磁力熊",
            "name": "🧲磁力熊",
            "type": 3,
            "api": "./lib/drpy2.min.js",
            "ext": "./js/cilixiong.js"
        },
        {
            "key": "电影港",
            "name": "🧲电影港",
            "type": 3,
            "api": "./lib/drpy2.min.js",
            "searchable": 1,
            "quickSearch": 1,
            "filterable": 1,
            "ext": "./js/dygang.js"
        },
        {
            "key": "csp_极影网",
            "name": "🧲极影网",
            "type": 3,
            "api": "./lib/drpy2.min.js",
            "searchable": 1,
            "quickSearch": 1,
            "filterable": 1,
            "ext": "./js/jiyingw.js"
        },
        {
            "key": "app_快看",
            "name": "️💕快看采集",
            "type": 1,
            "playerType": 2,
            "api": "https://kuaikan-api.com/api.php/provide/vod/from/kuaikanyun",
            "categories": [
                "网络电影",
                "动画电影",
                "动作片",
                "冒险片",
                "喜剧片",
                "爱情片",
                "奇幻片",
                "灾难片",
                "科幻片",
                "恐怖片",
                "剧情片",
                "战争片",
                "国产动漫",
                "日本动漫",
                "国产剧",
                "韩国剧",
                "港台剧",
                "欧美剧",
                "国产综艺",
                "港台综艺"
            ]
        },
        {
            "key": "暴风采集",
            "name": "🍃┃暴风┃高清",
            "type": 1,
            "playerType": 2,
            "api": "https://app.bfzyapi.com/api.php/provide/vod/",
            "playUrl": "",
            "categories": [
                "国产剧",
                "国产动漫",
                "动作片",
                "科幻片",
                "剧情片",
                "喜剧片",
                "爱情片",
                "恐怖片",
                "战争片",
                "香港剧",
                "台湾剧",
                "日本剧",
                "欧美剧",
                "泰国剧",
                "日本动漫",
                "综艺频道",
                "大陆综艺",
                "港台综艺",
                "日本综艺",
                "新马泰综艺",
                "纪录片"
            ]
        },
        {
            "key": "SNzy",
            "name": "🚠┃索尼资源 ",
            "type": 1,
            "api": "https://suoniapi.com/api.php/provide/vod/?ac=list",
            "searchable": 1,
            "changeable": 1,
            "quickSearch": 1,
            "filterable": 1,
            "categories": [
                "动作片",
                "喜剧片",
                "爱情片",
                "科幻片",
                "恐怖片",
                "剧情片",
                "战争片",
                "国产剧",
                "欧美剧",
                "韩剧",
                "日剧",
                "港剧",
                "台剧",
                "海外剧",
                "大陆综艺",
                "国产动漫"
            ]
        },
        {
            "key": "csp_xml_量子资源",
            "name": "🐝量子资源",
            "type": 1,
            "playerType": 2,
            "api": "http://cj.lziapi.com/api.php/provide/vod/",
            "searchable": 1,
            "quickSearch": 1,
            "categories": [
                "国产动漫",
                "国产剧",
                "动作片",
                "喜剧片",
                "爱情片",
                "动画片",
                "冒险片",
                "武侠片",
                "科幻片",
                "战争片",
                "日韩剧",
                "港台剧",
                "欧美剧",
                "泰国剧",
                "海外剧",
                "日韩动漫",
                "欧美动漫",
                "国内综艺",
                "海外综艺",
                "恐怖片",
                "灾难片",
                "悬疑片",
                "纪录片",
                "惊悚片",
                "奇幻片",
                "剧情片"
            ]
        },
        {
            "key": "非凡",
            "name": "🦅非凡",
            "type": "1",
            "playerType": 2,
            "api": "http://cj.ffzyapi.com/api.php/provide/vod/?ac=list",
            "searchable": "1",
            "playUrl": "",
            "changeable": "0",
            "categories": [
                "国产动漫",
                "日韩动漫",
                "国产剧",
                "韩国剧",
                "日本剧",
                "电影片",
                "连续剧",
                "综艺片",
                "动漫片",
                "动作片",
                "喜剧片",
                "爱情片",
                "科幻片",
                "恐怖片",
                "剧情片",
                "战争片",
                "香港剧",
                "欧美剧",
                "记录片",
                "台湾剧",
                "海外剧",
                "泰国剧",
                "大陆综艺",
                "港台综艺",
                "日韩综艺",
                "欧美综艺",
                "欧美动漫",
                "港台动漫",
                "海外动漫"
            ]
        },
        {
            "key": "nangua",
            "name": "南瓜影视[cat]",
            "type": 3,
            "api": "./cat/ng_open.js"
        },
        {
            "key": "subaibai",
            "name": "素白白[cat]",
            "type": 3,
            "api": "./cat/subaibai_open.js"
        },
        {
            "key": "kunyu77",
            "name": "琨娱七七[cat]",
            "type": 3,
            "api": "./cat/kunyu77_open.js"
        },
        {
            "key": "czzy",
            "name": "厂长资源[cat]",
            "type": 3,
            "api": "./cat/czzy_open.js"
        },
        {
            "key": "cntv",
            "name": "央视[cat]",
            "type": 3,
            "api": "./cat/cntv_open.js"
        },
        {
            "key": "230ts",
            "name": "爱上你听书网[cat]",
            "type": 3,
            "api": "./cat/230ts_open.js"
        },
        {
            "key": "sharenice_open",
            "name": "短视频[cat]",
            "type": 3,
            "api": "./cat/sharenice_open.js"
        },
        {
            "key": "dj0898_book_open",
            "name": "DJ网[cat]",
            "type": 3,
            "api": "./cat/MyDJ0898.js",
            "playerType": "2"
        },
        {
            "key": "bookan_book_open",
            "name": "博看[cat]",
            "type": 3,
            "api": "./cat/MyCatBookan.js"
        },
        {
            "key": "boosj_open",
            "name": "童趣[cat]",
            "type": 3,
            "api": "./cat/boosj_open.js"
        },
        {
            "key": "tuxiaobei_open",
            "name": "兔小贝[cat]",
            "type": 3,
            "api": "./cat/tuxiaobei_open.js"
        },
        {
            "key": "ubestkid_open",
            "name": "贝乐虎[cat]",
            "type": 3,
            "api": "./cat/ubestkid_open.js"
        },
        {
            "key": "Gitcafe",
            "name": "🌐小纸条(搜索)",
            "type": 3,
            "api": "csp_Gitcafe",
            "playerType": 1,
            "searchable": 1,
            "quickSearch": 1,
            "filterable": 1,
            "ext": "./alitoken.txt"
        },
        {
            "key": "YiSo",
            "name": "😹易搜┃搜索",
            "type": 3,
            "api": "csp_YiSo",
            "searchable": 1,
            "quickSearch": 1,
            "changeable": 0,
            "ext": "http://127.0.0.1:9978/file/tvfan/alitoken.txt+4k|auto|fhd"
        },
        {
            "key": "Zhaozy",
            "name": "🐺找资源┃搜索",
            "type": 3,
            "api": "csp_Zhaozy",
            "searchable": 1,
            "quickSearch": 1,
            "changeable": 0,
            "ext": "http://127.0.0.1:9978/file/tvfan/alitoken.txt+4k|auto|fhd$$$fanfan$$$qqq111"
        },
        {
            "key": "PanSou",
            "name": "🦊盘搜┃搜索",
            "type": 3,
            "api": "csp_PanSou",
            "searchable": 1,
            "quickSearch": 1,
            "changeable": 0,
            "ext": "http://127.0.0.1:9978/file/tvfan/alitoken.txt+4k|auto|fhd"
        },
        {
            "key": "UpYun",
            "name": "😻Up搜┃搜索",
            "type": 3,
            "api": "csp_UpYun",
            "searchable": 1,
            "quickSearch": 1,
            "changeable": 0,
            "ext": "http://127.0.0.1:9978/file/tvfan/alitoken.txt+4k|auto|fhd"
        },
        {
            "key": "PanSearch",
            "name": "🙀盘Se┃搜索",
            "type": 3,
            "api": "csp_PanSearch",
            "searchable": 1,
            "quickSearch": 1,
            "changeable": 0,
            "ext": "http://127.0.0.1:9978/file/tvfan/alitoken.txt+4k|auto|fhd"
        },
        {
            "key": "七夜",
            "name": "😾七夜┃搜索",
            "type": 3,
            "api": "csp_Dovx",
            "searchable": 1,
            "quickSearch": 1,
            "changeable": 0,
            "ext": "http://127.0.0.1:9978/file/tvfan/alitoken.txt+4k|auto|fhd"
        },
        {
            "key": "push_agent",
            "name": "🛴手机┃推送",
            "type": 3,
            "api": "csp_Push",
            "searchable": 0,
            "quickSearch": 0,
            "ext": "http://127.0.0.1:9978/file/tvfan/alitoken.txt+4k|auto|fhd"
        },
        {
            "key": "csp_XYQHiker_DOVX搜索",
            "name": "🌐DOVX云盘",
            "type": 3,
            "playerType": 1,
            "api": "csp_XYQHiker",
            "searchable": 1,
            "quickSearch": 1,
            "filterable": 1,
            "ext": "./json/DOVX搜索.json"
        },
        {
            "key": "drpy_douy",
            "name": "🐅虎牙js",
            "type": 3,
            "playerType": 2,
            "api": "./lib/drpy2.min.js",
            "ext": "./js/虎牙直播.js"
        },
        {
            "key": "直播转点播",
            "name": "🎬直播转点播",
            "type": 3,
            "playerType": 2,
            "api": "./lib/lf_live.js",
            "ext": "./txt/lf_live.txt"
        },
        {
            "key": "MV_vod",
            "name": "🤳字母┃点歌台",
            "type": 1,
            "api": "https://tvbox-mv--leosam2048.repl.co/mv/vod"
        }
    ],
    "parses": [
        {
            "name": "超解析",
            "type": 3,
            "url": "Demo"
        },
        {
            "name": "超嗅探",
            "type": 3,
            "url": "Web"
        },
        {
            "name": "优米",
            "type": 1,
            "url": "https://api.xn--kcr500a391b.cc/api/jiexi/common?Key=k5Ed7d2zMu4FLRhwjw&url=",
            "ext": {
                "flag": [
                    "YuMi"
                ],
                "header": {
                    "User-Agent": "okhttp/3.12.11"
                }
            }
        },
        {
            "name": "夜猫超解析",
            "type": 1,
            "url": "http://110.42.2.247:880/analysis/json/?uid=2384&my=bcijquvxAFKMUY0579&format=json&url=",
            "ext": {
                "flag": [
                    "qq",
                    "腾讯",
                    "企鹅",
                    "IQiYi",
                    "qiyi",
                    "爱奇艺",
                    "奇艺",
                    "youku",
                    "YouKu",
                    "优酷",
                    "sohu",
                    "SoHu",
                    "搜狐",
                    "letv",
                    "LeShi",
                    "乐视",
                    "imgo",
                    "mgtv",
                    "MangGuo",
                    "芒果",
                    "SLYS4k",
                    "BYGA",
                    "luanzi",
                    "AliS",
                    "dxzy",
                    "bilibili",
                    "QEYSS",
                    "xigua",
                    "西瓜视频",
                    "腾讯视频",
                    "奇艺视频",
                    "优酷视频",
                    "芒果视频",
                    "乐视视频"
                ],
                "header": {
                    "User-Agent": "Dart/3.0(dart:io)"
                }
            }
        },
        {
            "name": "夜猫超聚合",
            "type": 1,
            "url": "http://110.42.2.247:880/analysis/json/?uid=2255&my=eknpqvADFHOPR02458&format=json&url=",
            "ext": {
                "flag": [
                    "qq",
                    "腾讯",
                    "企鹅",
                    "IQiYi",
                    "qiyi",
                    "爱奇艺",
                    "奇艺",
                    "youku",
                    "YouKu",
                    "优酷",
                    "sohu",
                    "SoHu",
                    "搜狐",
                    "letv",
                    "LeShi",
                    "乐视",
                    "imgo",
                    "mgtv",
                    "MangGuo",
                    "芒果",
                    "SLYS4k",
                    "BYGA",
                    "luanzi",
                    "AliS",
                    "dxzy",
                    "bilibili",
                    "QEYSS",
                    "xigua",
                    "西瓜视频",
                    "腾讯视频",
                    "奇艺视频",
                    "优酷视频",
                    "芒果视频",
                    "乐视视频"
                ],
                "header": {
                    "User-Agent": "Dart/3.0(dart:io)"
                }
            }
        },
        {
            "name": "夜猫超解析2",
            "type": 1,
            "url": "http://110.42.2.247:880/analysis/json/?uid=2100&my=cjlquzCDEFHIJQR029&mgtv=app&url=",
            "ext": {
                "flag": [
                    "qq",
                    "腾讯",
                    "企鹅",
                    "IQiYi",
                    "qiyi",
                    "爱奇艺",
                    "奇艺",
                    "youku",
                    "YouKu",
                    "优酷",
                    "sohu",
                    "SoHu",
                    "搜狐",
                    "letv",
                    "LeShi",
                    "乐视",
                    "imgo",
                    "mgtv",
                    "MangGuo",
                    "芒果",
                    "SLYS4k",
                    "BYGA",
                    "luanzi",
                    "AliS",
                    "dxzy",
                    "bilibili",
                    "QEYSS",
                    "xigua",
                    "西瓜视频",
                    "腾讯视频",
                    "奇艺视频",
                    "优酷视频",
                    "芒果视频",
                    "乐视视频"
                ],
                "header": {
                    "User-Agent": "Dart/3.0(dart:io)"
                }
            }
        },
        {
            "name": "高清解析1",
            "type": 1,
            "url": "https://vip.xuux.icu/home/api?type=ys&uid=1325731&key=adfgilmnpwzBDEJPY3&url=",
            "ext": {
                "flag": [
                    "qq",
                    "腾讯",
                    "企鹅",
                    "IQiYi",
                    "qiyi",
                    "爱奇艺",
                    "奇艺",
                    "youku",
                    "YouKu",
                    "优酷",
                    "sohu",
                    "SoHu",
                    "搜狐",
                    "letv",
                    "LeShi",
                    "乐视",
                    "imgo",
                    "mgtv",
                    "MangGuo",
                    "芒果",
                    "SLYS4k",
                    "BYGA",
                    "luanzi",
                    "AliS",
                    "dxzy",
                    "bilibili",
                    "QEYSS",
                    "xigua",
                    "西瓜视频",
                    "腾讯视频",
                    "奇艺视频",
                    "优酷视频",
                    "芒果视频",
                    "乐视视频"
                ],
                "header": {
                    "User-Agent": "Dart/3.0(dart:io)"
                }
            }
        },
        {
            "name": "高清解析2",
            "type": 1,
            "url": "http://pandown.pro/app/kkdy.php?url=",
            "ext": {
                "flag": [
                    "qq",
                    "腾讯",
                    "企鹅",
                    "IQiYi",
                    "qiyi",
                    "爱奇艺",
                    "奇艺",
                    "youku",
                    "YouKu",
                    "优酷",
                    "sohu",
                    "SoHu",
                    "搜狐",
                    "letv",
                    "LeShi",
                    "乐视",
                    "imgo",
                    "mgtv",
                    "MangGuo",
                    "芒果",
                    "SLYS4k",
                    "BYGA",
                    "luanzi",
                    "AliS",
                    "dxzy",
                    "bilibili",
                    "QEYSS",
                    "xigua",
                    "西瓜视频",
                    "腾讯视频",
                    "奇艺视频",
                    "优酷视频",
                    "芒果视频",
                    "乐视视频"
                ],
                "header": {
                    "User-Agent": "Dart/3.0(dart:io)"
                }
            }
        },
        {
            "name": "高清嗅探",
            "type": 0,
            "url": "https://jx.777jiexi.com/player/?next=https://www.woaimoon.com/vod/98780-9-3.html&url=",
            "ext": {
                "flag": [
                    "qq",
                    "腾讯",
                    "企鹅",
                    "IQiYi",
                    "qiyi",
                    "爱奇艺",
                    "奇艺",
                    "youku",
                    "YouKu",
                    "优酷",
                    "sohu",
                    "SoHu",
                    "搜狐",
                    "letv",
                    "LeShi",
                    "乐视",
                    "imgo",
                    "mgtv",
                    "MangGuo",
                    "芒果",
                    "SLYS4k",
                    "BYGA",
                    "luanzi",
                    "AliS",
                    "dxzy",
                    "bilibili",
                    "QEYSS",
                    "xigua",
                    "西瓜视频",
                    "腾讯视频",
                    "奇艺视频",
                    "优酷视频",
                    "芒果视频",
                    "乐视视频"
                ],
                "header": {
                    "User-Agent": "Dart/3.0(dart:io)"
                }
            }
        },
        {
            "name": "初恋",
            "type": 0,
            "url": "http://8.130.74.107:6080/?url=",
            "ext": {
                "flag": [
                    "qiyi",
                    "爱奇艺",
                    "奇艺",
                    "qq",
                    "腾讯",
                    "youku",
                    "优酷",
                    "pptv",
                    "PPTV",
                    "bilibili",
                    "哔哩哔哩",
                    "哔哩",
                    "imgo",
                    "mgtv",
                    "芒果"
                ],
                "header": {
                    "User-Agent": "Dart/2.14 (dart:io)"
                }
            }
        },
        {
            "name": "dy6g",
            "type": 0,
            "url": "https://vip.lianfaka.com/vip/?url=",
            "ext": {
                "flag": [
                    "qq",
                    "腾讯",
                    "企鹅",
                    "IQiYi",
                    "qiyi",
                    "爱奇艺",
                    "奇艺",
                    "youku",
                    "YouKu",
                    "优酷",
                    "sohu",
                    "SoHu",
                    "搜狐",
                    "letv",
                    "LeShi",
                    "乐视",
                    "imgo",
                    "mgtv",
                    "MangGuo",
                    "芒果",
                    "SLYS4k",
                    "BYGA",
                    "luanzi",
                    "AliS",
                    "dxzy",
                    "bilibili",
                    "QEYSS",
                    "xigua",
                    "西瓜视频",
                    "腾讯视频",
                    "奇艺视频",
                    "优酷视频",
                    "芒果视频",
                    "乐视视频"
                ],
                "header": {
                    "User-Agent": "Mozilla/5.0 (iPhone; CPU iPhone OS 13_2_3 like Mac OS X) AppleWebKit/605.1.15 (KHTML, like Gecko) Version/13.0.3 Mobile/15E148 Safari/604.1",
                    "Referer": "https://www.dy6g.com/"
                }
            }
        },
        {
            "name": "777解析",
            "type": 0,
            "url": "https://jx.777jiexi.com/player/?url=",
            "ext": {
                "flag": [
                    "qq",
                    "腾讯",
                    "企鹅",
                    "IQiYi",
                    "qiyi",
                    "爱奇艺",
                    "奇艺",
                    "youku",
                    "YouKu",
                    "优酷",
                    "sohu",
                    "SoHu",
                    "搜狐",
                    "letv",
                    "LeShi",
                    "乐视",
                    "imgo",
                    "mgtv",
                    "MangGuo",
                    "芒果",
                    "SLYS4k",
                    "BYGA",
                    "luanzi",
                    "AliS",
                    "dxzy",
                    "bilibili",
                    "QEYSS",
                    "xigua",
                    "西瓜视频",
                    "腾讯视频",
                    "奇艺视频",
                    "优酷视频",
                    "芒果视频",
                    "乐视视频"
                ],
                "header": {
                    "User-Agent": "Dart/3.0(dart:io)"
                }
            }
        },
        {
            "name": "🐱三个柒",
            "type": 0,
            "url": "https://jx.jsonplayer.com/player/?url=",
            "ext": {
                "flag": [
                    "qq",
                    "腾讯",
                    "企鹅",
                    "IQiYi",
                    "qiyi",
                    "爱奇艺",
                    "奇艺",
                    "youku",
                    "YouKu",
                    "优酷",
                    "sohu",
                    "SoHu",
                    "搜狐",
                    "letv",
                    "LeShi",
                    "乐视",
                    "imgo",
                    "mgtv",
                    "MangGuo",
                    "芒果",
                    "SLYS4k",
                    "BYGA",
                    "luanzi",
                    "AliS",
                    "dxzy",
                    "bilibili",
                    "QEYSS",
                    "xigua",
                    "西瓜视频",
                    "腾讯视频",
                    "奇艺视频",
                    "优酷视频",
                    "芒果视频",
                    "乐视视频"
                ],
                "header": {
                    "User-Agent": "Dart/3.0(dart:io)"
                }
            }
        },
        {
            "name": "🐱夜幕/",
            "type": 0,
            "url": "https://www.yemu.xyz/?url=",
            "ext": {
                "flag": [
                    "qq",
                    "腾讯",
                    "企鹅",
                    "IQiYi",
                    "qiyi",
                    "爱奇艺",
                    "奇艺",
                    "youku",
                    "YouKu",
                    "优酷",
                    "sohu",
                    "SoHu",
                    "搜狐",
                    "letv",
                    "LeShi",
                    "乐视",
                    "imgo",
                    "mgtv",
                    "MangGuo",
                    "芒果",
                    "SLYS4k",
                    "BYGA",
                    "luanzi",
                    "AliS",
                    "dxzy",
                    "bilibili",
                    "QEYSS",
                    "xigua",
                    "西瓜视频",
                    "腾讯视频",
                    "奇艺视频",
                    "优酷视频",
                    "芒果视频",
                    "乐视视频"
                ],
                "header": {
                    "User-Agent": "Dart/3.0(dart:io)"
                }
            }
        },
        {
            "name": "★左岸解析★",
            "type": 0,
            "url": "https://jx.bozrc.com:4433/player/?url=",
            "ext": {
                "flag": [
                    "qq",
                    "腾讯",
                    "企鹅",
                    "IQiYi",
                    "qiyi",
                    "爱奇艺",
                    "奇艺",
                    "youku",
                    "YouKu",
                    "优酷",
                    "sohu",
                    "SoHu",
                    "搜狐",
                    "letv",
                    "LeShi",
                    "乐视",
                    "imgo",
                    "mgtv",
                    "MangGuo",
                    "芒果",
                    "SLYS4k",
                    "BYGA",
                    "luanzi",
                    "AliS",
                    "dxzy",
                    "bilibili",
                    "QEYSS",
                    "xigua",
                    "西瓜视频",
                    "腾讯视频",
                    "奇艺视频",
                    "优酷视频",
                    "芒果视频",
                    "乐视视频"
                ],
                "header": {
                    "User-Agent": "Dart/3.0(dart:io)"
                }
            }
        },
        {
            "name": "🐱0号",
            "type": 0,
            "url": "http://91fanli.top/m3u8/?url=",
            "ext": {
                "flag": [
                    "qq",
                    "腾讯",
                    "企鹅",
                    "IQiYi",
                    "qiyi",
                    "爱奇艺",
                    "奇艺",
                    "youku",
                    "YouKu",
                    "优酷",
                    "sohu",
                    "SoHu",
                    "搜狐",
                    "letv",
                    "LeShi",
                    "乐视",
                    "imgo",
                    "mgtv",
                    "MangGuo",
                    "芒果",
                    "SLYS4k",
                    "BYGA",
                    "luanzi",
                    "AliS",
                    "dxzy",
                    "bilibili",
                    "QEYSS",
                    "xigua",
                    "西瓜视频",
                    "腾讯视频",
                    "奇艺视频",
                    "优酷视频",
                    "芒果视频",
                    "乐视视频"
                ],
                "header": {
                    "User-Agent": "Dart/3.0(dart:io)"
                }
            }
        },
        {
            "name": "🐱2号",
            "type": 0,
            "url": "https://jx.bozrc.com:4433/player/?url=",
            "ext": {
                "flag": [
                    "qq",
                    "腾讯",
                    "企鹅",
                    "IQiYi",
                    "qiyi",
                    "爱奇艺",
                    "奇艺",
                    "youku",
                    "YouKu",
                    "优酷",
                    "sohu",
                    "SoHu",
                    "搜狐",
                    "letv",
                    "LeShi",
                    "乐视",
                    "imgo",
                    "mgtv",
                    "MangGuo",
                    "芒果",
                    "SLYS4k",
                    "BYGA",
                    "luanzi",
                    "AliS",
                    "dxzy",
                    "bilibili",
                    "QEYSS",
                    "xigua",
                    "西瓜视频",
                    "腾讯视频",
                    "奇艺视频",
                    "优酷视频",
                    "芒果视频",
                    "乐视视频"
                ],
                "header": {
                    "User-Agent": "Dart/3.0(dart:io)"
                }
            }
        },
        {
            "name": "🐱3号",
            "type": 0,
            "url": "https://jiexi.555jiexi.net:555/player/?url=",
            "ext": {
                "flag": [
                    "qq",
                    "腾讯",
                    "企鹅",
                    "IQiYi",
                    "qiyi",
                    "爱奇艺",
                    "奇艺",
                    "youku",
                    "YouKu",
                    "优酷",
                    "sohu",
                    "SoHu",
                    "搜狐",
                    "letv",
                    "LeShi",
                    "乐视",
                    "imgo",
                    "mgtv",
                    "MangGuo",
                    "芒果",
                    "SLYS4k",
                    "BYGA",
                    "luanzi",
                    "AliS",
                    "dxzy",
                    "bilibili",
                    "QEYSS",
                    "xigua",
                    "西瓜视频",
                    "腾讯视频",
                    "奇艺视频",
                    "优酷视频",
                    "芒果视频",
                    "乐视视频"
                ],
                "header": {
                    "User-Agent": "Dart/3.0(dart:io)"
                }
            }
        },
        {
            "name": "🐱6号",
            "type": 0,
            "url": "https://www.yemu.xyz/?url=",
            "ext": {
                "flag": [
                    "qq",
                    "腾讯",
                    "企鹅",
                    "IQiYi",
                    "qiyi",
                    "爱奇艺",
                    "奇艺",
                    "youku",
                    "YouKu",
                    "优酷",
                    "sohu",
                    "SoHu",
                    "搜狐",
                    "letv",
                    "LeShi",
                    "乐视",
                    "imgo",
                    "mgtv",
                    "MangGuo",
                    "芒果",
                    "SLYS4k",
                    "BYGA",
                    "luanzi",
                    "AliS",
                    "dxzy",
                    "bilibili",
                    "QEYSS",
                    "xigua",
                    "西瓜视频",
                    "腾讯视频",
                    "奇艺视频",
                    "优酷视频",
                    "芒果视频",
                    "乐视视频"
                ],
                "header": {
                    "User-Agent": "Dart/3.0(dart:io)"
                }
            }
        },
        {
            "name": "🐱10号",
            "type": 0,
            "url": "https://jx.m3u8.tv/jiexi/?url=",
            "ext": {
                "flag": [
                    "qq",
                    "腾讯",
                    "企鹅",
                    "IQiYi",
                    "qiyi",
                    "爱奇艺",
                    "奇艺",
                    "youku",
                    "YouKu",
                    "优酷",
                    "sohu",
                    "SoHu",
                    "搜狐",
                    "letv",
                    "LeShi",
                    "乐视",
                    "imgo",
                    "mgtv",
                    "MangGuo",
                    "芒果",
                    "SLYS4k",
                    "BYGA",
                    "luanzi",
                    "AliS",
                    "dxzy",
                    "bilibili",
                    "QEYSS",
                    "xigua",
                    "西瓜视频",
                    "腾讯视频",
                    "奇艺视频",
                    "优酷视频",
                    "芒果视频",
                    "乐视视频"
                ],
                "header": {
                    "User-Agent": "Dart/3.0(dart:io)"
                }
            }
        },
        {
            "name": "🐱11号",
            "type": 0,
            "url": "https://z1.m1907.cn/?jx=",
            "ext": {
                "flag": [
                    "qq",
                    "腾讯",
                    "企鹅",
                    "IQiYi",
                    "qiyi",
                    "爱奇艺",
                    "奇艺",
                    "youku",
                    "YouKu",
                    "优酷",
                    "sohu",
                    "SoHu",
                    "搜狐",
                    "letv",
                    "LeShi",
                    "乐视",
                    "imgo",
                    "mgtv",
                    "MangGuo",
                    "芒果",
                    "SLYS4k",
                    "BYGA",
                    "luanzi",
                    "AliS",
                    "dxzy",
                    "bilibili",
                    "QEYSS",
                    "xigua",
                    "西瓜视频",
                    "腾讯视频",
                    "奇艺视频",
                    "优酷视频",
                    "芒果视频",
                    "乐视视频"
                ],
                "header": {
                    "User-Agent": "Dart/3.0(dart:io)"
                }
            }
        },
        {
            "name": "🐱15号",
            "type": 0,
            "url": "https://jx.aidouer.net/?url=",
            "ext": {
                "flag": [
                    "qq",
                    "腾讯",
                    "企鹅",
                    "IQiYi",
                    "qiyi",
                    "爱奇艺",
                    "奇艺",
                    "youku",
                    "YouKu",
                    "优酷",
                    "sohu",
                    "SoHu",
                    "搜狐",
                    "letv",
                    "LeShi",
                    "乐视",
                    "imgo",
                    "mgtv",
                    "MangGuo",
                    "芒果",
                    "SLYS4k",
                    "BYGA",
                    "luanzi",
                    "AliS",
                    "dxzy",
                    "bilibili",
                    "QEYSS",
                    "xigua",
                    "西瓜视频",
                    "腾讯视频",
                    "奇艺视频",
                    "优酷视频",
                    "芒果视频",
                    "乐视视频"
                ],
                "header": {
                    "User-Agent": "Dart/3.0(dart:io)"
                }
            }
        },
        {
            "name": "🐱18号",
            "type": 0,
            "url": "http://api.wpsseo.cn/?v=",
            "ext": {
                "header": {
                    "User-Agent": "Mozilla/5.0"
                }
            }
        },
        {
            "name": "🐱19号",
            "type": 0,
            "url": "https://jx.cainisi.cf/?v=",
            "ext": {
                "header": {
                    "User-Agent": "okhttp/4.1.0"
                }
            }
        },
        {
            "name": "🐱21号",
            "type": 0,
            "url": "https://jx.ppjbk.cn/?url=",
            "ext": {
                "header": {
                    "User-Agent": "Mozilla/5.0"
                }
            }
        },
        {
            "name": "🐱24号",
            "type": 0,
            "url": "https://player.maqq.cn/?url=",
            "ext": {
                "header": {
                    "User-Agent": "Mozilla/5.0"
                }
            }
        },
        {
            "name": "🐱29号",
            "type": 0,
            "url": "https://www.ckplayer.vip/jiexi/?url=",
            "ext": {
                "header": {
                    "User-Agent": "Mozilla/5.0"
                }
            }
        },
        {
            "name": "🐱30号",
            "type": 0,
            "url": "https://jx.kingtail.xyz/?url=",
            "ext": {
                "header": {
                    "User-Agent": "Mozilla/5.0"
                }
            }
        },
        {
            "name": "🐱32号",
            "type": 0,
            "url": "https://jx.xmflv.com/?url=",
            "ext": {
                "header": {
                    "User-Agent": "Mozilla/5.0"
                }
            }
        },
        {
            "name": "🐱33号",
            "type": 0,
            "url": "https://parse.123mingren.com/?url=",
            "ext": {
                "header": {
                    "User-Agent": "Mozilla/5.0"
                }
            }
        },
        {
            "name": "解析啦",
            "type": 0,
            "url": "https://api.jiexi.la/?url=",
            "ext": {
                "flag": [
                    "qq",
                    "腾讯",
                    "qiyi",
                    "爱奇艺",
                    "奇艺",
                    "youku",
                    "优酷",
                    "sohu",
                    "搜狐",
                    "letv",
                    "乐视",
                    "mgtv",
                    "芒果",
                    "rx",
                    "ltnb",
                    "bilibili",
                    "1905",
                    "xigua"
                ]
            }
        },
        {
            "name": "17云解析",
            "type": 0,
            "url": "https://www.1717yun.com/jx/ty.php?url=",
            "ext": {
                "flag": [
                    "qq",
                    "腾讯",
                    "qiyi",
                    "爱奇艺",
                    "奇艺",
                    "youku",
                    "优酷",
                    "sohu",
                    "搜狐",
                    "letv",
                    "乐视",
                    "mgtv",
                    "芒果",
                    "rx",
                    "ltnb",
                    "bilibili",
                    "1905",
                    "xigua"
                ]
            }
        },
        {
            "name": "酷享解析",
            "type": 0,
            "url": "https://jx.jsonplayer.com/player/?url=",
            "ext": {
                "flag": [
                    "qq",
                    "腾讯",
                    "qiyi",
                    "爱奇艺",
                    "奇艺",
                    "youku",
                    "优酷",
                    "sohu",
                    "搜狐",
                    "letv",
                    "乐视",
                    "mgtv",
                    "芒果",
                    "CL4K",
                    "renrenmi",
                    "ltnb",
                    "bilibili",
                    "1905",
                    "xigua"
                ]
            }
        },
        {
            "name": "江湖解析",
            "type": 0,
            "url": "https://www.pangujiexi.com/pangu/?url=",
            "ext": {
                "flag": [
                    "qq",
                    "qiyi",
                    "mgtv",
                    "youku",
                    "letv",
                    "sohu",
                    "xigua",
                    "1905",
                    "优播线路",
                    "腾播线路"
                ],
                "header": {
                    "User-Agent": "Dart/2.14 (dart:io)"
                }
            }
        },
        {
            "name": "🐱战狼",
            "type": 0,
            "url": "https://jx.zhanlangbu.com/?url",
            "ext": {
                "flag": [
                    "qq",
                    "腾讯",
                    "qiyi",
                    "爱奇艺",
                    "奇艺",
                    "youku",
                    "优酷",
                    "mgtv",
                    "芒果",
                    "letv",
                    "乐视",
                    "pptv",
                    "PPTV",
                    "sohu",
                    "bilibili",
                    "哔哩哔哩",
                    "哔哩"
                ],
                "header": {
                    "User-Agent": ""
                }
            }
        },
        {
            "name": "🐱芒果腾讯专用",
            "type": 0,
            "url": "https://jx.xmflv.com/?url=",
            "ext": {
                "flag": [
                    "qq",
                    "腾讯",
                    "qiyi",
                    "爱奇艺",
                    "奇艺",
                    "youku",
                    "优酷",
                    "mgtv",
                    "芒果",
                    "letv",
                    "乐视",
                    "pptv",
                    "PPTV",
                    "sohu",
                    "bilibili",
                    "哔哩哔哩",
                    "哔哩"
                ],
                "header": {
                    "User-Agent": ""
                }
            }
        },
        {
            "name": "🐱腾讯备用",
            "type": 0,
            "url": "https://go.yh0523.cn/y.cy?url=",
            "ext": {
                "flag": [
                    "qq",
                    "腾讯",
                    "qiyi",
                    "爱奇艺",
                    "奇艺",
                    "youku",
                    "优酷",
                    "mgtv",
                    "芒果",
                    "letv",
                    "乐视",
                    "pptv",
                    "PPTV",
                    "sohu",
                    "bilibili",
                    "哔哩哔哩",
                    "哔哩"
                ],
                "header": {
                    "User-Agent": ""
                }
            }
        },
        {
            "name": "🐱手动点击json播",
            "type": 0,
            "url": "https://jx.jsonplayer.com/player/?=&url=",
            "ext": {
                "flag": [
                    "qq",
                    "腾讯",
                    "qiyi",
                    "爱奇艺",
                    "奇艺",
                    "youku",
                    "优酷",
                    "mgtv",
                    "芒果",
                    "letv",
                    "乐视",
                    "pptv",
                    "PPTV",
                    "sohu",
                    "bilibili",
                    "哔哩哔哩",
                    "哔哩"
                ],
                "header": {
                    "User-Agent": ""
                }
            }
        },
        {
            "name": "🐱手动点击诺讯",
            "type": 0,
            "url": "https://yun.nxflv.com/?url=",
            "ext": {
                "flag": [
                    "qq",
                    "腾讯",
                    "qiyi",
                    "爱奇艺",
                    "奇艺",
                    "youku",
                    "优酷",
                    "mgtv",
                    "芒果",
                    "letv",
                    "乐视",
                    "pptv",
                    "PPTV",
                    "sohu",
                    "bilibili",
                    "哔哩哔哩",
                    "哔哩"
                ],
                "header": {
                    "User-Agent": ""
                }
            }
        }
    ],
    "ijk": [
        {
            "group": "软解码",
            "options": [
                {
                    "category": 4,
                    "name": "opensles",
                    "value": "0"
                },
                {
                    "category": 4,
                    "name": "overlay-format",
                    "value": "842225234"
                },
                {
                    "category": 4,
                    "name": "framedrop",
                    "value": "1"
                },
                {
                    "category": 4,
                    "name": "soundtouch",
                    "value": "1"
                },
                {
                    "category": 4,
                    "name": "start-on-prepared",
                    "value": "1"
                },
                {
                    "category": 1,
                    "name": "http-detect-range-support",
                    "value": "0"
                },
                {
                    "category": 2,
                    "name": "skip_loop_filter",
                    "value": "48"
                },
                {
                    "category": 4,
                    "name": "reconnect",
                    "value": "1"
                },
                {
                    "category": 4,
                    "name": "enable-accurate-seek",
                    "value": "0"
                },
                {
                    "category": 4,
                    "name": "mediacodec",
                    "value": "0"
                },
                {
                    "category": 4,
                    "name": "mediacodec-auto-rotate",
                    "value": "0"
                },
                {
                    "category": 4,
                    "name": "mediacodec-handle-resolution-change",
                    "value": "0"
                },
                {
                    "category": 4,
                    "name": "mediacodec-hevc",
                    "value": "0"
                },
                {
                    "category": 1,
                    "name": "dns_cache_timeout",
                    "value": "600000000"
                }
            ]
        },
        {
            "group": "硬解码",
            "options": [
                {
                    "category": 4,
                    "name": "opensles",
                    "value": "0"
                },
                {
                    "category": 4,
                    "name": "overlay-format",
                    "value": "842225234"
                },
                {
                    "category": 4,
                    "name": "framedrop",
                    "value": "1"
                },
                {
                    "category": 4,
                    "name": "soundtouch",
                    "value": "1"
                },
                {
                    "category": 4,
                    "name": "start-on-prepared",
                    "value": "1"
                },
                {
                    "category": 1,
                    "name": "http-detect-range-support",
                    "value": "0"
                },
                {
                    "category": 1,
                    "name": "fflags",
                    "value": "fastseek"
                },
                {
                    "category": 2,
                    "name": "skip_loop_filter",
                    "value": "48"
                },
                {
                    "category": 4,
                    "name": "reconnect",
                    "value": "1"
                },
                {
                    "category": 4,
                    "name": "enable-accurate-seek",
                    "value": "0"
                },
                {
                    "category": 4,
                    "name": "mediacodec",
                    "value": "1"
                },
                {
                    "category": 4,
                    "name": "mediacodec-auto-rotate",
                    "value": "1"
                },
                {
                    "category": 4,
                    "name": "mediacodec-handle-resolution-change",
                    "value": "1"
                },
                {
                    "category": 4,
                    "name": "mediacodec-hevc",
                    "value": "1"
                },
                {
                    "category": 1,
                    "name": "dns_cache_timeout",
                    "value": "600000000"
                }
            ]
        }
    ],
    "doh": [
        {
            "name": "Google",
            "url": "https://dns.google/dns-query",
            "ips": [
                "8.8.4.4",
                "8.8.8.8"
            ]
        },
        {
            "name": "Cloudflare",
            "url": "https://cloudflare-dns.com/dns-query",
            "ips": [
                "1.1.1.1",
                "1.0.0.1",
                "2606:4700:4700::1111",
                "2606:4700:4700::1001"
            ]
        },
        {
            "name": "AdGuard",
            "url": "https://dns.adguard.com/dns-query",
            "ips": [
                "94.140.14.140",
                "94.140.14.141"
            ]
        },
        {
            "name": "DNSWatch",
            "url": "https://resolver2.dns.watch/dns-query",
            "ips": [
                "84.200.69.80",
                "84.200.70.40"
            ]
        },
        {
            "name": "Quad9",
            "url": "https://dns.quad9.net/dns-quer",
            "ips": [
                "9.9.9.9",
                "149.112.112.112"
            ]
        }
    ],
    "rules": [
        {
            "name": "量子",
            "hosts": [
                "vip.lz",
                "hd.lz"
            ],
            "regex": [
                "#EXT-X-DISCONTINUITY\\r*\\n*#EXTINF:6.433333,[\\s\\S]*?#EXT-X-DISCONTINUITY"
            ]
        },
        {
            "name": "爱酷",
            "hosts": [
                "cdn.json.icu"
            ],
            "regex": [
                "#EXTINF:1.000000,[\\s\\S]*?#EXT-X-ENDLIST"
            ]
        },
        {
            "name": "非凡",
            "hosts": [
                "vip.ffzy",
                "hd.ffzy"
            ],
            "regex": [
                "#EXT-X-DISCONTINUITY\\r*\\n*#EXTINF:6.666667,[\\s\\S]*?#EXT-X-DISCONTINUITY"
            ]
        },
        {
            "host": "piaku.cc",
            "rule": [
                ".mp4",
                ".m3u8",
                "?auth_token",
                "m3u8"
            ]
        },
        {
            "host": "v.3412.net.cn",
            "rule": [
                ".mp4",
                "security-token=",
                "aliyuncs.com",
                "m3u8"
            ]
        },
        {
            "host": "jx.jsonplayer.com",
            "rule": [
                ".mp4",
                ".m3u8",
                "?vkey=",
                "110.42.2.115",
                "m3u8"
            ]
        },
        {
            "host": "movie.bulei.cc",
            "rule": [
                ".mp4",
                ".m3u8",
                "?vkey=",
                "1ftn_handler",
                "http://1.71.18.153",
                "mu.dcd1.cn",
                "aliyundrive.net",
                "m3u8"
            ]
        },
        {
            "host": "rebozj.pro",
            "rule": [
                ".mp4",
                ".m3u8",
                "https://p3-sign.douyinpic.com",
                "m3u8"
            ]
        },
        {
            "host": "brovod.com",
            "rule": [
                ".m3u8"
            ]
        },
        {
            "host": "https://www1.gntv.live",
            "rule": [
                ".m3u8",
                "m3u8?",
                "4k.clyjx.cn:97"
            ]
        },
        {
            "host": "renren.pro",
            "rule": [
                ".m3u8"
            ]
        },
        {
            "host": "https://v.3412.net.cn",
            "rule": [
                ".m3u8",
                ".m3u8?",
                ".mp4"
            ]
        },
        {
            "host": "v.t-ui.cn",
            "rule": [
                ".m3u8",
                "m3u8?",
                "vip.ffzy-play4.com"
            ]
        },
        {
            "host": "cj.ffzyapi.com",
            "rule": [
                ".m3u8",
                "m3u8?"
            ]
        },
        {
            "host": "siguyy.com",
            "rule": [
                "mp4",
                ".m3u8",
                "https://ccp-bj29-video-preview.oss-enet.aliyuncs.com",
                "aliyuncs.com"
            ]
        },
        {
            "name": "米来",
            "hosts": [
                "zy.behds.cn"
            ],
            "regex": [
                "#EXTINF"
            ]
        },
        {
            "name": "ICU",
            "hosts": [
                "cdn.json.icu"
            ],
            "regex": [
                "#EXTINF:1.000000,[\\s\\S]*?#EXT-X-ENDLIST"
            ]
        },
        {
            "name": "火山嗅探",
            "hosts": [
                "huoshan.com"
            ],
            "regex": [
                "item_id="
            ]
        },
        {
            "name": "抖音嗅探",
            "hosts": [
                "douyin.com"
            ],
            "regex": [
                "is_play_url="
            ]
        }
    ],
    "ads": [
        "https://lf1-cdn-tos.bytegoofy.com/obj/tos-cn-i-dy/455ccf9e8ae744378118e4bd289288dd",
        "mimg.0c1q0l.cn",
        "www.googletagmanager.com",
        "www.google-analytics.com",
        "wan.51img1.com",
        "mc.usihnbcq.cn",
        "mg.g1mm3d.cn",
        "mscs.svaeuzh.cn",
        "cnzz.hhttm.top",
        "tp.vinuxhome.com",
        "cnzz.mmstat.com",
        "www.baihuillq.com",
        "s23.cnzz.com",
        "z3.cnzz.com",
        "c.cnzz.com",
        "stj.v1vo.top",
        "z12.cnzz.com",
        "img.mosflower.cn",
        "tips.gamevvip.com",
        "ehwe.yhdtns.com",
        "xdn.cqqc3.com",
        "www.jixunkyy.cn",
        "sp.chemacid.cn",
        "hm.baidu.com",
        "s9.cnzz.com",
        "z6.cnzz.com",
        "um.cavuc.com",
        "mav.mavuz.com",
        "wofwk.aoidf3.com",
        "z5.cnzz.com",
        "xc.hubeijieshikj.cn",
        "tj.tianwenhu.com",
        "xg.gars57.cn",
        "k.jinxiuzhilv.com",
        "cdn.bootcss.com",
        "ppl.xunzhuo123.com",
        "xomk.jiangjunmh.top",
        "img.xunzhuo123.com",
        "z1.cnzz.com",
        "s13.cnzz.com",
        "xg.huataisangao.cn",
        "z7.cnzz.com",
        "xg.huataisangao.cn",
        "z2.cnzz.com",
        "s96.cnzz.com",
        "q11.cnzz.com",
        "thy.dacedsfa.cn",
        "xg.whsbpw.cn",
        "s19.cnzz.com",
        "z8.cnzz.com",
        "s4.cnzz.com",
        "f5w.as12df.top",
        "ae01.alicdn.com",
        "www.92424.cn",
        "k.wudejia.com",
        "vivovip.mmszxc.top",
        "qiu.xixiqiu.com",
        "cdnjs.hnfenxun.com",
        "cms.qdwght.com"
    ]
}